,path,True Class,Class Predicted
0,/content/drive/MyDrive/MCD/Redes Neuronales/dataset/test/apple/Image_1.jpg,0,0
1,/content/drive/MyDrive/MCD/Redes Neuronales/dataset/test/apple/Image_10.jpg,0,0
2,/content/drive/MyDrive/MCD/Redes Neuronales/dataset/test/apple/Image_2.jpg,0,0
3,/content/drive/MyDrive/MCD/Redes Neuronales/dataset/test/apple/Image_3.jpg,0,0
4,/content/drive/MyDrive/MCD/Redes Neuronales/dataset/test/apple/Image_4.jpg,0,28
5,/content/drive/MyDrive/MCD/Redes Neuronales/dataset/test/apple/Image_5.jpg,0,33
6,/content/drive/MyDrive/MCD/Redes Neuronales/dataset/test/apple/Image_6.JPG,0,0
7,/content/drive/MyDrive/MCD/Redes Neuronales/dataset/test/apple/Image_7.jpg,0,0
8,/content/drive/MyDrive/MCD/Redes Neuronales/dataset/test/apple/Image_8.jpg,0,0
9,/content/drive/MyDrive/MCD/Redes Neuronales/dataset/test/apple/Image_9.jpg,0,5
10,/content/drive/MyDrive/MCD/Redes Neuronales/dataset/test/banana/Image_1.jpg,1,1
11,/content/drive/MyDrive/MCD/Redes Neuronales/dataset/test/banana/Image_10.jpg,1,1
12,/content/drive/MyDrive/MCD/Redes Neuronales/dataset/test/banana/Image_2.jpg,1,21
13,/content/drive/MyDrive/MCD/Redes Neuronales/dataset/test/banana/Image_3.jpg,1,1
14,/content/drive/MyDrive/MCD/Redes Neuronales/dataset/test/banana/Image_4.jpg,1,1
15,/content/drive/MyDrive/MCD/Redes Neuronales/dataset/test/banana/Image_5.jpg,1,1
16,/content/drive/MyDrive/MCD/Redes Neuronales/dataset/test/banana/Image_6.jpg,1,1
17,/content/drive/MyDrive/MCD/Redes Neuronales/dataset/test/banana/Image_8.jpg,1,1
18,/content/drive/MyDrive/MCD/Redes Neuronales/dataset/test/banana/Image_9.jpg,1,25
19,/content/drive/MyDrive/MCD/Redes Neuronales/dataset/test/beetroot/Image_1.jpg,2,2
20,/content/drive/MyDrive/MCD/Redes Neuronales/dataset/test/beetroot/Image_10.jpg,2,2
21,/content/drive/MyDrive/MCD/Redes Neuronales/dataset/test/beetroot/Image_2.jpg,2,2
22,/content/drive/MyDrive/MCD/Redes Neuronales/dataset/test/beetroot/Image_3.jpg,2,2
23,/content/drive/MyDrive/MCD/Redes Neuronales/dataset/test/beetroot/Image_4.jpg,2,2
24,/content/drive/MyDrive/MCD/Redes Neuronales/dataset/test/beetroot/Image_5.jpg,2,2
25,/content/drive/MyDrive/MCD/Redes Neuronales/dataset/test/beetroot/Image_6.jpg,2,2
26,/content/drive/MyDrive/MCD/Redes Neuronales/dataset/test/beetroot/Image_7.jpg,2,2
27,/content/drive/MyDrive/MCD/Redes Neuronales/dataset/test/beetroot/Image_8.jpg,2,2
28,/content/drive/MyDrive/MCD/Redes Neuronales/dataset/test/beetroot/Image_9.jpg,2,2
29,/content/drive/MyDrive/MCD/Redes Neuronales/dataset/test/bell pepper/Image_1.jpg,3,3
30,/content/drive/MyDrive/MCD/Redes Neuronales/dataset/test/bell pepper/Image_10.jpg,3,3
31,/content/drive/MyDrive/MCD/Redes Neuronales/dataset/test/bell pepper/Image_2.jpg,3,3
32,/content/drive/MyDrive/MCD/Redes Neuronales/dataset/test/bell pepper/Image_3.jpeg,3,3
33,/content/drive/MyDrive/MCD/Redes Neuronales/dataset/test/bell pepper/Image_4.jpg,3,3
34,/content/drive/MyDrive/MCD/Redes Neuronales/dataset/test/bell pepper/Image_5.jpg,3,3
35,/content/drive/MyDrive/MCD/Redes Neuronales/dataset/test/bell pepper/Image_6.jpg,3,3
36,/content/drive/MyDrive/MCD/Redes Neuronales/dataset/test/bell pepper/Image_7.jpg,3,3
37,/content/drive/MyDrive/MCD/Redes Neuronales/dataset/test/bell pepper/Image_8.jpg,3,3
38,/content/drive/MyDrive/MCD/Redes Neuronales/dataset/test/bell pepper/Image_9.jpg,3,3
39,/content/drive/MyDrive/MCD/Redes Neuronales/dataset/test/cabbage/Image_1.jpg,4,4
40,/content/drive/MyDrive/MCD/Redes Neuronales/dataset/test/cabbage/Image_10.jpg,4,4
41,/content/drive/MyDrive/MCD/Redes Neuronales/dataset/test/cabbage/Image_2.jpg,4,4
42,/content/drive/MyDrive/MCD/Redes Neuronales/dataset/test/cabbage/Image_3.jpg,4,4
43,/content/drive/MyDrive/MCD/Redes Neuronales/dataset/test/cabbage/Image_4.jpg,4,4
44,/content/drive/MyDrive/MCD/Redes Neuronales/dataset/test/cabbage/Image_5.jpg,4,4
45,/content/drive/MyDrive/MCD/Redes Neuronales/dataset/test/cabbage/Image_6.jpg,4,4
46,/content/drive/MyDrive/MCD/Redes Neuronales/dataset/test/cabbage/Image_7.jpg,4,4
47,/content/drive/MyDrive/MCD/Redes Neuronales/dataset/test/cabbage/Image_8.jpg,4,4
48,/content/drive/MyDrive/MCD/Redes Neuronales/dataset/test/cabbage/Image_9.jpg,4,4
49,/content/drive/MyDrive/MCD/Redes Neuronales/dataset/test/capsicum/Image_1.jpg,5,5
50,/content/drive/MyDrive/MCD/Redes Neuronales/dataset/test/capsicum/Image_10.jpg,5,5
51,/content/drive/MyDrive/MCD/Redes Neuronales/dataset/test/capsicum/Image_2.jpg,5,5
52,/content/drive/MyDrive/MCD/Redes Neuronales/dataset/test/capsicum/Image_3.JPG,5,5
53,/content/drive/MyDrive/MCD/Redes Neuronales/dataset/test/capsicum/Image_4.jpg,5,5
54,/content/drive/MyDrive/MCD/Redes Neuronales/dataset/test/capsicum/Image_5.jpg,5,3
55,/content/drive/MyDrive/MCD/Redes Neuronales/dataset/test/capsicum/Image_6.jpg,5,3
56,/content/drive/MyDrive/MCD/Redes Neuronales/dataset/test/capsicum/Image_7.jpg,5,5
57,/content/drive/MyDrive/MCD/Redes Neuronales/dataset/test/capsicum/Image_8.jpg,5,5
58,/content/drive/MyDrive/MCD/Redes Neuronales/dataset/test/capsicum/Image_9.jpg,5,5
59,/content/drive/MyDrive/MCD/Redes Neuronales/dataset/test/carrot/Image_1.jpg,6,6
60,/content/drive/MyDrive/MCD/Redes Neuronales/dataset/test/carrot/Image_10.jpg,6,6
61,/content/drive/MyDrive/MCD/Redes Neuronales/dataset/test/carrot/Image_2.jpg,6,6
62,/content/drive/MyDrive/MCD/Redes Neuronales/dataset/test/carrot/Image_3.jpg,6,6
63,/content/drive/MyDrive/MCD/Redes Neuronales/dataset/test/carrot/Image_4.png,6,6
64,/content/drive/MyDrive/MCD/Redes Neuronales/dataset/test/carrot/Image_5.jpg,6,6
65,/content/drive/MyDrive/MCD/Redes Neuronales/dataset/test/carrot/Image_6.jpg,6,6
66,/content/drive/MyDrive/MCD/Redes Neuronales/dataset/test/carrot/Image_7.JPG,6,6
67,/content/drive/MyDrive/MCD/Redes Neuronales/dataset/test/carrot/Image_8.jpg,6,6
68,/content/drive/MyDrive/MCD/Redes Neuronales/dataset/test/carrot/Image_9.jpeg,6,6
69,/content/drive/MyDrive/MCD/Redes Neuronales/dataset/test/cauliflower/Image_1.jpg,7,7
70,/content/drive/MyDrive/MCD/Redes Neuronales/dataset/test/cauliflower/Image_10.jpg,7,7
71,/content/drive/MyDrive/MCD/Redes Neuronales/dataset/test/cauliflower/Image_2.jpg,7,7
72,/content/drive/MyDrive/MCD/Redes Neuronales/dataset/test/cauliflower/Image_3.jpg,7,7
73,/content/drive/MyDrive/MCD/Redes Neuronales/dataset/test/cauliflower/Image_4.jpg,7,7
74,/content/drive/MyDrive/MCD/Redes Neuronales/dataset/test/cauliflower/Image_5.JPG,7,7
75,/content/drive/MyDrive/MCD/Redes Neuronales/dataset/test/cauliflower/Image_6.jpg,7,7
76,/content/drive/MyDrive/MCD/Redes Neuronales/dataset/test/cauliflower/Image_7.jpg,7,7
77,/content/drive/MyDrive/MCD/Redes Neuronales/dataset/test/cauliflower/Image_8.jpg,7,7
78,/content/drive/MyDrive/MCD/Redes Neuronales/dataset/test/cauliflower/Image_9.jpg,7,7
79,/content/drive/MyDrive/MCD/Redes Neuronales/dataset/test/chilli pepper/Image_1.jpg,8,8
80,/content/drive/MyDrive/MCD/Redes Neuronales/dataset/test/chilli pepper/Image_10.jpg,8,8
81,/content/drive/MyDrive/MCD/Redes Neuronales/dataset/test/chilli pepper/Image_2.png,8,26
82,/content/drive/MyDrive/MCD/Redes Neuronales/dataset/test/chilli pepper/Image_3.jpg,8,8
83,/content/drive/MyDrive/MCD/Redes Neuronales/dataset/test/chilli pepper/Image_4.jpg,8,8
84,/content/drive/MyDrive/MCD/Redes Neuronales/dataset/test/chilli pepper/Image_5.png,8,8
85,/content/drive/MyDrive/MCD/Redes Neuronales/dataset/test/chilli pepper/Image_6.jpeg,8,8
86,/content/drive/MyDrive/MCD/Redes Neuronales/dataset/test/chilli pepper/Image_7.jpg,8,5
87,/content/drive/MyDrive/MCD/Redes Neuronales/dataset/test/chilli pepper/Image_8.jpg,8,8
88,/content/drive/MyDrive/MCD/Redes Neuronales/dataset/test/chilli pepper/Image_9.jpg,8,8
89,/content/drive/MyDrive/MCD/Redes Neuronales/dataset/test/corn/Image_1.jpg,9,9
90,/content/drive/MyDrive/MCD/Redes Neuronales/dataset/test/corn/Image_10.jpg,9,9
91,/content/drive/MyDrive/MCD/Redes Neuronales/dataset/test/corn/Image_2.jpg,9,9
92,/content/drive/MyDrive/MCD/Redes Neuronales/dataset/test/corn/Image_3.jpg,9,31
93,/content/drive/MyDrive/MCD/Redes Neuronales/dataset/test/corn/Image_4.jpg,9,9
94,/content/drive/MyDrive/MCD/Redes Neuronales/dataset/test/corn/Image_5.jpg,9,9
95,/content/drive/MyDrive/MCD/Redes Neuronales/dataset/test/corn/Image_6.jpg,9,9
96,/content/drive/MyDrive/MCD/Redes Neuronales/dataset/test/corn/Image_7.jpg,9,9
97,/content/drive/MyDrive/MCD/Redes Neuronales/dataset/test/corn/Image_8.jpg,9,9
98,/content/drive/MyDrive/MCD/Redes Neuronales/dataset/test/corn/Image_9.jpg,9,9
99,/content/drive/MyDrive/MCD/Redes Neuronales/dataset/test/cucumber/Image_1.jpg,10,10
100,/content/drive/MyDrive/MCD/Redes Neuronales/dataset/test/cucumber/Image_10.jpg,10,10
101,/content/drive/MyDrive/MCD/Redes Neuronales/dataset/test/cucumber/Image_2.jpg,10,10
102,/content/drive/MyDrive/MCD/Redes Neuronales/dataset/test/cucumber/Image_3.jpg,10,10
103,/content/drive/MyDrive/MCD/Redes Neuronales/dataset/test/cucumber/Image_4.jpg,10,10
104,/content/drive/MyDrive/MCD/Redes Neuronales/dataset/test/cucumber/Image_5.jpg,10,10
105,/content/drive/MyDrive/MCD/Redes Neuronales/dataset/test/cucumber/Image_6.jpg,10,10
106,/content/drive/MyDrive/MCD/Redes Neuronales/dataset/test/cucumber/Image_7.jpg,10,10
107,/content/drive/MyDrive/MCD/Redes Neuronales/dataset/test/cucumber/Image_8.jpg,10,10
108,/content/drive/MyDrive/MCD/Redes Neuronales/dataset/test/cucumber/Image_9.jpg,10,10
109,/content/drive/MyDrive/MCD/Redes Neuronales/dataset/test/eggplant/Image_1.jpg,11,11
110,/content/drive/MyDrive/MCD/Redes Neuronales/dataset/test/eggplant/Image_10.jpg,11,11
111,/content/drive/MyDrive/MCD/Redes Neuronales/dataset/test/eggplant/Image_2.jpg,11,11
112,/content/drive/MyDrive/MCD/Redes Neuronales/dataset/test/eggplant/Image_3.jpg,11,11
113,/content/drive/MyDrive/MCD/Redes Neuronales/dataset/test/eggplant/Image_4.jpg,11,11
114,/content/drive/MyDrive/MCD/Redes Neuronales/dataset/test/eggplant/Image_5.jpg,11,11
115,/content/drive/MyDrive/MCD/Redes Neuronales/dataset/test/eggplant/Image_6.jpg,11,11
116,/content/drive/MyDrive/MCD/Redes Neuronales/dataset/test/eggplant/Image_7.jpg,11,11
117,/content/drive/MyDrive/MCD/Redes Neuronales/dataset/test/eggplant/Image_8.jpg,11,11
118,/content/drive/MyDrive/MCD/Redes Neuronales/dataset/test/eggplant/Image_9.jpg,11,11
119,/content/drive/MyDrive/MCD/Redes Neuronales/dataset/test/garlic/Image_1.jpg,12,12
120,/content/drive/MyDrive/MCD/Redes Neuronales/dataset/test/garlic/Image_10.jpg,12,12
121,/content/drive/MyDrive/MCD/Redes Neuronales/dataset/test/garlic/Image_2.jpg,12,12
122,/content/drive/MyDrive/MCD/Redes Neuronales/dataset/test/garlic/Image_3.jpg,12,12
123,/content/drive/MyDrive/MCD/Redes Neuronales/dataset/test/garlic/Image_4.jpg,12,12
124,/content/drive/MyDrive/MCD/Redes Neuronales/dataset/test/garlic/Image_5.jpg,12,12
125,/content/drive/MyDrive/MCD/Redes Neuronales/dataset/test/garlic/Image_6.jpg,12,12
126,/content/drive/MyDrive/MCD/Redes Neuronales/dataset/test/garlic/Image_7.jpg,12,12
127,/content/drive/MyDrive/MCD/Redes Neuronales/dataset/test/garlic/Image_8.jpg,12,12
128,/content/drive/MyDrive/MCD/Redes Neuronales/dataset/test/garlic/Image_9.jpg,12,12
129,/content/drive/MyDrive/MCD/Redes Neuronales/dataset/test/ginger/Image_1.jpg,13,13
130,/content/drive/MyDrive/MCD/Redes Neuronales/dataset/test/ginger/Image_10.jpg,13,13
131,/content/drive/MyDrive/MCD/Redes Neuronales/dataset/test/ginger/Image_2.jpg,13,13
132,/content/drive/MyDrive/MCD/Redes Neuronales/dataset/test/ginger/Image_3.jpg,13,13
133,/content/drive/MyDrive/MCD/Redes Neuronales/dataset/test/ginger/Image_4.jpg,13,13
134,/content/drive/MyDrive/MCD/Redes Neuronales/dataset/test/ginger/Image_5.jpg,13,13
135,/content/drive/MyDrive/MCD/Redes Neuronales/dataset/test/ginger/Image_6.jpg,13,13
136,/content/drive/MyDrive/MCD/Redes Neuronales/dataset/test/ginger/Image_7.jpg,13,13
137,/content/drive/MyDrive/MCD/Redes Neuronales/dataset/test/ginger/Image_8.jpg,13,13
138,/content/drive/MyDrive/MCD/Redes Neuronales/dataset/test/ginger/Image_9.jpg,13,13
139,/content/drive/MyDrive/MCD/Redes Neuronales/dataset/test/grapes/Image_1.jpg,14,14
140,/content/drive/MyDrive/MCD/Redes Neuronales/dataset/test/grapes/Image_10.jpg,14,14
141,/content/drive/MyDrive/MCD/Redes Neuronales/dataset/test/grapes/Image_2.jpg,14,14
142,/content/drive/MyDrive/MCD/Redes Neuronales/dataset/test/grapes/Image_3.jpg,14,14
143,/content/drive/MyDrive/MCD/Redes Neuronales/dataset/test/grapes/Image_4.jpg,14,14
144,/content/drive/MyDrive/MCD/Redes Neuronales/dataset/test/grapes/Image_5.jpeg,14,14
145,/content/drive/MyDrive/MCD/Redes Neuronales/dataset/test/grapes/Image_6.jpg,14,14
146,/content/drive/MyDrive/MCD/Redes Neuronales/dataset/test/grapes/Image_7.JPG,14,14
147,/content/drive/MyDrive/MCD/Redes Neuronales/dataset/test/grapes/Image_8.jpg,14,14
148,/content/drive/MyDrive/MCD/Redes Neuronales/dataset/test/grapes/Image_9.jpg,14,14
149,/content/drive/MyDrive/MCD/Redes Neuronales/dataset/test/jalepeno/Image_1.jpeg,15,15
150,/content/drive/MyDrive/MCD/Redes Neuronales/dataset/test/jalepeno/Image_10.jpg,15,15
151,/content/drive/MyDrive/MCD/Redes Neuronales/dataset/test/jalepeno/Image_2.jpg,15,15
152,/content/drive/MyDrive/MCD/Redes Neuronales/dataset/test/jalepeno/Image_3.jpg,15,15
153,/content/drive/MyDrive/MCD/Redes Neuronales/dataset/test/jalepeno/Image_4.jpg,15,15
154,/content/drive/MyDrive/MCD/Redes Neuronales/dataset/test/jalepeno/Image_5.jpg,15,15
155,/content/drive/MyDrive/MCD/Redes Neuronales/dataset/test/jalepeno/Image_6.jpg,15,15
156,/content/drive/MyDrive/MCD/Redes Neuronales/dataset/test/jalepeno/Image_7.jpg,15,15
157,/content/drive/MyDrive/MCD/Redes Neuronales/dataset/test/jalepeno/Image_8.jpg,15,15
158,/content/drive/MyDrive/MCD/Redes Neuronales/dataset/test/jalepeno/Image_9.jpg,15,15
159,/content/drive/MyDrive/MCD/Redes Neuronales/dataset/test/kiwi/Image_1.jpg,16,16
160,/content/drive/MyDrive/MCD/Redes Neuronales/dataset/test/kiwi/Image_10.jpg,16,16
161,/content/drive/MyDrive/MCD/Redes Neuronales/dataset/test/kiwi/Image_2.jpg,16,16
162,/content/drive/MyDrive/MCD/Redes Neuronales/dataset/test/kiwi/Image_3.jpg,16,16
163,/content/drive/MyDrive/MCD/Redes Neuronales/dataset/test/kiwi/Image_4.jpg,16,16
164,/content/drive/MyDrive/MCD/Redes Neuronales/dataset/test/kiwi/Image_5.jpg,16,16
165,/content/drive/MyDrive/MCD/Redes Neuronales/dataset/test/kiwi/Image_6.jpg,16,16
166,/content/drive/MyDrive/MCD/Redes Neuronales/dataset/test/kiwi/Image_7.jpg,16,16
167,/content/drive/MyDrive/MCD/Redes Neuronales/dataset/test/kiwi/Image_8.jpg,16,16
168,/content/drive/MyDrive/MCD/Redes Neuronales/dataset/test/kiwi/Image_9.jpg,16,16
169,/content/drive/MyDrive/MCD/Redes Neuronales/dataset/test/lemon/Image_1.png,17,17
170,/content/drive/MyDrive/MCD/Redes Neuronales/dataset/test/lemon/Image_10.jpg,17,17
171,/content/drive/MyDrive/MCD/Redes Neuronales/dataset/test/lemon/Image_2.jpg,17,17
172,/content/drive/MyDrive/MCD/Redes Neuronales/dataset/test/lemon/Image_3.jpg,17,17
173,/content/drive/MyDrive/MCD/Redes Neuronales/dataset/test/lemon/Image_4.jpg,17,17
174,/content/drive/MyDrive/MCD/Redes Neuronales/dataset/test/lemon/Image_5.jpg,17,17
175,/content/drive/MyDrive/MCD/Redes Neuronales/dataset/test/lemon/Image_6.png,17,17
176,/content/drive/MyDrive/MCD/Redes Neuronales/dataset/test/lemon/Image_7.jpg,17,17
177,/content/drive/MyDrive/MCD/Redes Neuronales/dataset/test/lemon/Image_8.jpg,17,17
178,/content/drive/MyDrive/MCD/Redes Neuronales/dataset/test/lemon/Image_9.png,17,17
179,/content/drive/MyDrive/MCD/Redes Neuronales/dataset/test/lettuce/Image_1.jpg,18,30
180,/content/drive/MyDrive/MCD/Redes Neuronales/dataset/test/lettuce/Image_10.jpg,18,18
181,/content/drive/MyDrive/MCD/Redes Neuronales/dataset/test/lettuce/Image_2.jpg,18,18
182,/content/drive/MyDrive/MCD/Redes Neuronales/dataset/test/lettuce/Image_3.jpg,18,18
183,/content/drive/MyDrive/MCD/Redes Neuronales/dataset/test/lettuce/Image_4.jpg,18,18
184,/content/drive/MyDrive/MCD/Redes Neuronales/dataset/test/lettuce/Image_5.jpeg,18,18
185,/content/drive/MyDrive/MCD/Redes Neuronales/dataset/test/lettuce/Image_6.jpg,18,18
186,/content/drive/MyDrive/MCD/Redes Neuronales/dataset/test/lettuce/Image_7.jpg,18,18
187,/content/drive/MyDrive/MCD/Redes Neuronales/dataset/test/lettuce/Image_8.jpg,18,18
188,/content/drive/MyDrive/MCD/Redes Neuronales/dataset/test/lettuce/Image_9.jpg,18,18
189,/content/drive/MyDrive/MCD/Redes Neuronales/dataset/test/mango/Image_1.jpg,19,19
190,/content/drive/MyDrive/MCD/Redes Neuronales/dataset/test/mango/Image_10.jpg,19,19
191,/content/drive/MyDrive/MCD/Redes Neuronales/dataset/test/mango/Image_2.jpg,19,19
192,/content/drive/MyDrive/MCD/Redes Neuronales/dataset/test/mango/Image_3.jpg,19,19
193,/content/drive/MyDrive/MCD/Redes Neuronales/dataset/test/mango/Image_4.jpg,19,19
194,/content/drive/MyDrive/MCD/Redes Neuronales/dataset/test/mango/Image_5.jpg,19,19
195,/content/drive/MyDrive/MCD/Redes Neuronales/dataset/test/mango/Image_6.jpg,19,19
196,/content/drive/MyDrive/MCD/Redes Neuronales/dataset/test/mango/Image_7.jpg,19,19
197,/content/drive/MyDrive/MCD/Redes Neuronales/dataset/test/mango/Image_8.jpg,19,19
198,/content/drive/MyDrive/MCD/Redes Neuronales/dataset/test/mango/Image_9.jpg,19,19
199,/content/drive/MyDrive/MCD/Redes Neuronales/dataset/test/onion/Image_1.jpg,20,20
200,/content/drive/MyDrive/MCD/Redes Neuronales/dataset/test/onion/Image_10.jpg,20,20
201,/content/drive/MyDrive/MCD/Redes Neuronales/dataset/test/onion/Image_2.jpg,20,20
202,/content/drive/MyDrive/MCD/Redes Neuronales/dataset/test/onion/Image_3.jpg,20,20
203,/content/drive/MyDrive/MCD/Redes Neuronales/dataset/test/onion/Image_4.jpg,20,20
204,/content/drive/MyDrive/MCD/Redes Neuronales/dataset/test/onion/Image_5.jpg,20,20
205,/content/drive/MyDrive/MCD/Redes Neuronales/dataset/test/onion/Image_6.jpg,20,20
206,/content/drive/MyDrive/MCD/Redes Neuronales/dataset/test/onion/Image_7.png,20,20
207,/content/drive/MyDrive/MCD/Redes Neuronales/dataset/test/onion/Image_8.jpg,20,20
208,/content/drive/MyDrive/MCD/Redes Neuronales/dataset/test/onion/Image_9.jpg,20,20
209,/content/drive/MyDrive/MCD/Redes Neuronales/dataset/test/orange/Image_1.png,21,21
210,/content/drive/MyDrive/MCD/Redes Neuronales/dataset/test/orange/Image_10.png,21,21
211,/content/drive/MyDrive/MCD/Redes Neuronales/dataset/test/orange/Image_2.jpg,21,21
212,/content/drive/MyDrive/MCD/Redes Neuronales/dataset/test/orange/Image_3.jpg,21,21
213,/content/drive/MyDrive/MCD/Redes Neuronales/dataset/test/orange/Image_4.jpg,21,21
214,/content/drive/MyDrive/MCD/Redes Neuronales/dataset/test/orange/Image_5.jpg,21,21
215,/content/drive/MyDrive/MCD/Redes Neuronales/dataset/test/orange/Image_6.jpg,21,21
216,/content/drive/MyDrive/MCD/Redes Neuronales/dataset/test/orange/Image_7.jpg,21,21
217,/content/drive/MyDrive/MCD/Redes Neuronales/dataset/test/orange/Image_8.jpeg,21,21
218,/content/drive/MyDrive/MCD/Redes Neuronales/dataset/test/orange/Image_9.jpg,21,21
219,/content/drive/MyDrive/MCD/Redes Neuronales/dataset/test/paprika/Image_1.jpg,22,22
220,/content/drive/MyDrive/MCD/Redes Neuronales/dataset/test/paprika/Image_10.jpg,22,22
221,/content/drive/MyDrive/MCD/Redes Neuronales/dataset/test/paprika/Image_2.jpg,22,22
222,/content/drive/MyDrive/MCD/Redes Neuronales/dataset/test/paprika/Image_3.jpg,22,22
223,/content/drive/MyDrive/MCD/Redes Neuronales/dataset/test/paprika/Image_4.jpg,22,22
224,/content/drive/MyDrive/MCD/Redes Neuronales/dataset/test/paprika/Image_5.jpg,22,22
225,/content/drive/MyDrive/MCD/Redes Neuronales/dataset/test/paprika/Image_6.jpg,22,22
226,/content/drive/MyDrive/MCD/Redes Neuronales/dataset/test/paprika/Image_7.jpg,22,22
227,/content/drive/MyDrive/MCD/Redes Neuronales/dataset/test/paprika/Image_8.jpg,22,22
228,/content/drive/MyDrive/MCD/Redes Neuronales/dataset/test/paprika/Image_9.jpg,22,22
229,/content/drive/MyDrive/MCD/Redes Neuronales/dataset/test/pear/Image_1.jpg,23,23
230,/content/drive/MyDrive/MCD/Redes Neuronales/dataset/test/pear/Image_10.jpg,23,23
231,/content/drive/MyDrive/MCD/Redes Neuronales/dataset/test/pear/Image_2.jpg,23,23
232,/content/drive/MyDrive/MCD/Redes Neuronales/dataset/test/pear/Image_3.jpg,23,23
233,/content/drive/MyDrive/MCD/Redes Neuronales/dataset/test/pear/Image_4.jpg,23,23
234,/content/drive/MyDrive/MCD/Redes Neuronales/dataset/test/pear/Image_5.jpg,23,23
235,/content/drive/MyDrive/MCD/Redes Neuronales/dataset/test/pear/Image_6.jpg,23,23
236,/content/drive/MyDrive/MCD/Redes Neuronales/dataset/test/pear/Image_7.jpg,23,23
237,/content/drive/MyDrive/MCD/Redes Neuronales/dataset/test/pear/Image_8.jpg,23,23
238,/content/drive/MyDrive/MCD/Redes Neuronales/dataset/test/pear/Image_9.jpg,23,23
239,/content/drive/MyDrive/MCD/Redes Neuronales/dataset/test/peas/Image_1.jpg,24,24
240,/content/drive/MyDrive/MCD/Redes Neuronales/dataset/test/peas/Image_10.jpg,24,24
241,/content/drive/MyDrive/MCD/Redes Neuronales/dataset/test/peas/Image_2.jpg,24,24
242,/content/drive/MyDrive/MCD/Redes Neuronales/dataset/test/peas/Image_3.jpg,24,24
243,/content/drive/MyDrive/MCD/Redes Neuronales/dataset/test/peas/Image_4.jpg,24,24
244,/content/drive/MyDrive/MCD/Redes Neuronales/dataset/test/peas/Image_5.jpg,24,24
245,/content/drive/MyDrive/MCD/Redes Neuronales/dataset/test/peas/Image_6.png,24,24
246,/content/drive/MyDrive/MCD/Redes Neuronales/dataset/test/peas/Image_7.jpg,24,24
247,/content/drive/MyDrive/MCD/Redes Neuronales/dataset/test/peas/Image_8.jpg,24,24
248,/content/drive/MyDrive/MCD/Redes Neuronales/dataset/test/peas/Image_9.jpg,24,24
249,/content/drive/MyDrive/MCD/Redes Neuronales/dataset/test/pineapple/Image_1.jpg,25,25
250,/content/drive/MyDrive/MCD/Redes Neuronales/dataset/test/pineapple/Image_10.jpg,25,25
251,/content/drive/MyDrive/MCD/Redes Neuronales/dataset/test/pineapple/Image_2.jpg,25,25
252,/content/drive/MyDrive/MCD/Redes Neuronales/dataset/test/pineapple/Image_3.jpg,25,25
253,/content/drive/MyDrive/MCD/Redes Neuronales/dataset/test/pineapple/Image_4.jpg,25,25
254,/content/drive/MyDrive/MCD/Redes Neuronales/dataset/test/pineapple/Image_5.jpg,25,25
255,/content/drive/MyDrive/MCD/Redes Neuronales/dataset/test/pineapple/Image_6.jpg,25,25
256,/content/drive/MyDrive/MCD/Redes Neuronales/dataset/test/pineapple/Image_7.jpg,25,25
257,/content/drive/MyDrive/MCD/Redes Neuronales/dataset/test/pineapple/Image_8.jpg,25,25
258,/content/drive/MyDrive/MCD/Redes Neuronales/dataset/test/pineapple/Image_9.jpg,25,25
259,/content/drive/MyDrive/MCD/Redes Neuronales/dataset/test/pomegranate/Image_1.jpg,26,26
260,/content/drive/MyDrive/MCD/Redes Neuronales/dataset/test/pomegranate/Image_10.jpg,26,26
261,/content/drive/MyDrive/MCD/Redes Neuronales/dataset/test/pomegranate/Image_2.jpg,26,26
262,/content/drive/MyDrive/MCD/Redes Neuronales/dataset/test/pomegranate/Image_3.jpg,26,26
263,/content/drive/MyDrive/MCD/Redes Neuronales/dataset/test/pomegranate/Image_4.jpg,26,26
264,/content/drive/MyDrive/MCD/Redes Neuronales/dataset/test/pomegranate/Image_5.jpg,26,26
265,/content/drive/MyDrive/MCD/Redes Neuronales/dataset/test/pomegranate/Image_6.jpg,26,26
266,/content/drive/MyDrive/MCD/Redes Neuronales/dataset/test/pomegranate/Image_7.jpg,26,26
267,/content/drive/MyDrive/MCD/Redes Neuronales/dataset/test/pomegranate/Image_8.jpg,26,26
268,/content/drive/MyDrive/MCD/Redes Neuronales/dataset/test/pomegranate/Image_9.jpg,26,26
269,/content/drive/MyDrive/MCD/Redes Neuronales/dataset/test/potato/Image_1.jpg,27,27
270,/content/drive/MyDrive/MCD/Redes Neuronales/dataset/test/potato/Image_10.jpg,27,27
271,/content/drive/MyDrive/MCD/Redes Neuronales/dataset/test/potato/Image_2.jpg,27,12
272,/content/drive/MyDrive/MCD/Redes Neuronales/dataset/test/potato/Image_3.jpg,27,27
273,/content/drive/MyDrive/MCD/Redes Neuronales/dataset/test/potato/Image_4.jpg,27,27
274,/content/drive/MyDrive/MCD/Redes Neuronales/dataset/test/potato/Image_5.JPG,27,27
275,/content/drive/MyDrive/MCD/Redes Neuronales/dataset/test/potato/Image_6.jpg,27,27
276,/content/drive/MyDrive/MCD/Redes Neuronales/dataset/test/potato/Image_7.jpg,27,19
277,/content/drive/MyDrive/MCD/Redes Neuronales/dataset/test/potato/Image_8.jpg,27,7
278,/content/drive/MyDrive/MCD/Redes Neuronales/dataset/test/potato/Image_9.jpg,27,27
279,/content/drive/MyDrive/MCD/Redes Neuronales/dataset/test/raddish/Image_1.jpg,28,28
280,/content/drive/MyDrive/MCD/Redes Neuronales/dataset/test/raddish/Image_10.jpg,28,28
281,/content/drive/MyDrive/MCD/Redes Neuronales/dataset/test/raddish/Image_2.jpg,28,28
282,/content/drive/MyDrive/MCD/Redes Neuronales/dataset/test/raddish/Image_3.jpg,28,28
283,/content/drive/MyDrive/MCD/Redes Neuronales/dataset/test/raddish/Image_4.jpg,28,28
284,/content/drive/MyDrive/MCD/Redes Neuronales/dataset/test/raddish/Image_5.png,28,35
285,/content/drive/MyDrive/MCD/Redes Neuronales/dataset/test/raddish/Image_6.jpg,28,28
286,/content/drive/MyDrive/MCD/Redes Neuronales/dataset/test/raddish/Image_7.jpg,28,28
287,/content/drive/MyDrive/MCD/Redes Neuronales/dataset/test/raddish/Image_8.jpg,28,28
288,/content/drive/MyDrive/MCD/Redes Neuronales/dataset/test/raddish/Image_9.jpeg,28,28
289,/content/drive/MyDrive/MCD/Redes Neuronales/dataset/test/soy beans/Image_1.jpg,29,29
290,/content/drive/MyDrive/MCD/Redes Neuronales/dataset/test/soy beans/Image_10.jpg,29,29
291,/content/drive/MyDrive/MCD/Redes Neuronales/dataset/test/soy beans/Image_2.jpg,29,29
292,/content/drive/MyDrive/MCD/Redes Neuronales/dataset/test/soy beans/Image_3.jpg,29,29
293,/content/drive/MyDrive/MCD/Redes Neuronales/dataset/test/soy beans/Image_4.jpg,29,29
294,/content/drive/MyDrive/MCD/Redes Neuronales/dataset/test/soy beans/Image_5.jpg,29,29
295,/content/drive/MyDrive/MCD/Redes Neuronales/dataset/test/soy beans/Image_6.jpg,29,29
296,/content/drive/MyDrive/MCD/Redes Neuronales/dataset/test/soy beans/Image_7.jpg,29,29
297,/content/drive/MyDrive/MCD/Redes Neuronales/dataset/test/soy beans/Image_8.jpg,29,29
298,/content/drive/MyDrive/MCD/Redes Neuronales/dataset/test/soy beans/Image_9.jpg,29,29
299,/content/drive/MyDrive/MCD/Redes Neuronales/dataset/test/spinach/Image_1.jpg,30,30
300,/content/drive/MyDrive/MCD/Redes Neuronales/dataset/test/spinach/Image_10.jpg,30,10
301,/content/drive/MyDrive/MCD/Redes Neuronales/dataset/test/spinach/Image_2.jpg,30,30
302,/content/drive/MyDrive/MCD/Redes Neuronales/dataset/test/spinach/Image_3.jpg,30,30
303,/content/drive/MyDrive/MCD/Redes Neuronales/dataset/test/spinach/Image_4.jpg,30,30
304,/content/drive/MyDrive/MCD/Redes Neuronales/dataset/test/spinach/Image_5.jpg,30,30
305,/content/drive/MyDrive/MCD/Redes Neuronales/dataset/test/spinach/Image_6.jpg,30,30
306,/content/drive/MyDrive/MCD/Redes Neuronales/dataset/test/spinach/Image_7.jpg,30,30
307,/content/drive/MyDrive/MCD/Redes Neuronales/dataset/test/spinach/Image_8.jpg,30,30
308,/content/drive/MyDrive/MCD/Redes Neuronales/dataset/test/spinach/Image_9.jpg,30,30
309,/content/drive/MyDrive/MCD/Redes Neuronales/dataset/test/sweetcorn/Image_1.jpg,31,31
310,/content/drive/MyDrive/MCD/Redes Neuronales/dataset/test/sweetcorn/Image_10.jpg,31,31
311,/content/drive/MyDrive/MCD/Redes Neuronales/dataset/test/sweetcorn/Image_2.jpg,31,31
312,/content/drive/MyDrive/MCD/Redes Neuronales/dataset/test/sweetcorn/Image_3.jpg,31,31
313,/content/drive/MyDrive/MCD/Redes Neuronales/dataset/test/sweetcorn/Image_4.jpg,31,31
314,/content/drive/MyDrive/MCD/Redes Neuronales/dataset/test/sweetcorn/Image_5.jpg,31,31
315,/content/drive/MyDrive/MCD/Redes Neuronales/dataset/test/sweetcorn/Image_6.jpg,31,31
316,/content/drive/MyDrive/MCD/Redes Neuronales/dataset/test/sweetcorn/Image_7.jpg,31,31
317,/content/drive/MyDrive/MCD/Redes Neuronales/dataset/test/sweetcorn/Image_8.jpg,31,31
318,/content/drive/MyDrive/MCD/Redes Neuronales/dataset/test/sweetcorn/Image_9.jpg,31,9
319,/content/drive/MyDrive/MCD/Redes Neuronales/dataset/test/sweetpotato/Image_1.jpg,32,32
320,/content/drive/MyDrive/MCD/Redes Neuronales/dataset/test/sweetpotato/Image_10.jpg,32,32
321,/content/drive/MyDrive/MCD/Redes Neuronales/dataset/test/sweetpotato/Image_2.jpg,32,32
322,/content/drive/MyDrive/MCD/Redes Neuronales/dataset/test/sweetpotato/Image_3.jpg,32,32
323,/content/drive/MyDrive/MCD/Redes Neuronales/dataset/test/sweetpotato/Image_4.jpg,32,32
324,/content/drive/MyDrive/MCD/Redes Neuronales/dataset/test/sweetpotato/Image_5.jpg,32,33
325,/content/drive/MyDrive/MCD/Redes Neuronales/dataset/test/sweetpotato/Image_6.jpg,32,32
326,/content/drive/MyDrive/MCD/Redes Neuronales/dataset/test/sweetpotato/Image_7.jpg,32,32
327,/content/drive/MyDrive/MCD/Redes Neuronales/dataset/test/sweetpotato/Image_8.jpg,32,32
328,/content/drive/MyDrive/MCD/Redes Neuronales/dataset/test/sweetpotato/Image_9.jpg,32,32
329,/content/drive/MyDrive/MCD/Redes Neuronales/dataset/test/tomato/Image_1.jpg,33,33
330,/content/drive/MyDrive/MCD/Redes Neuronales/dataset/test/tomato/Image_10.jpg,33,33
331,/content/drive/MyDrive/MCD/Redes Neuronales/dataset/test/tomato/Image_2.jpg,33,33
332,/content/drive/MyDrive/MCD/Redes Neuronales/dataset/test/tomato/Image_3.jpg,33,33
333,/content/drive/MyDrive/MCD/Redes Neuronales/dataset/test/tomato/Image_4.jpg,33,33
334,/content/drive/MyDrive/MCD/Redes Neuronales/dataset/test/tomato/Image_5.jpg,33,33
335,/content/drive/MyDrive/MCD/Redes Neuronales/dataset/test/tomato/Image_6.jpg,33,33
336,/content/drive/MyDrive/MCD/Redes Neuronales/dataset/test/tomato/Image_7.jpg,33,33
337,/content/drive/MyDrive/MCD/Redes Neuronales/dataset/test/tomato/Image_8.jpg,33,33
338,/content/drive/MyDrive/MCD/Redes Neuronales/dataset/test/tomato/Image_9.jpg,33,33
339,/content/drive/MyDrive/MCD/Redes Neuronales/dataset/test/turnip/Image_1.jpg,34,34
340,/content/drive/MyDrive/MCD/Redes Neuronales/dataset/test/turnip/Image_10.jpg,34,34
341,/content/drive/MyDrive/MCD/Redes Neuronales/dataset/test/turnip/Image_2.jpg,34,34
342,/content/drive/MyDrive/MCD/Redes Neuronales/dataset/test/turnip/Image_3.jpg,34,34
343,/content/drive/MyDrive/MCD/Redes Neuronales/dataset/test/turnip/Image_4.jpg,34,34
344,/content/drive/MyDrive/MCD/Redes Neuronales/dataset/test/turnip/Image_5.jpg,34,34
345,/content/drive/MyDrive/MCD/Redes Neuronales/dataset/test/turnip/Image_6.jpg,34,34
346,/content/drive/MyDrive/MCD/Redes Neuronales/dataset/test/turnip/Image_7.jpg,34,34
347,/content/drive/MyDrive/MCD/Redes Neuronales/dataset/test/turnip/Image_8.jpg,34,34
348,/content/drive/MyDrive/MCD/Redes Neuronales/dataset/test/turnip/Image_9.jpg,34,34
349,/content/drive/MyDrive/MCD/Redes Neuronales/dataset/test/watermelon/Image_1.jpg,35,35
350,/content/drive/MyDrive/MCD/Redes Neuronales/dataset/test/watermelon/Image_10.jpg,35,35
351,/content/drive/MyDrive/MCD/Redes Neuronales/dataset/test/watermelon/Image_2.jpg,35,35
352,/content/drive/MyDrive/MCD/Redes Neuronales/dataset/test/watermelon/Image_3.jpg,35,35
353,/content/drive/MyDrive/MCD/Redes Neuronales/dataset/test/watermelon/Image_4.jpg,35,35
354,/content/drive/MyDrive/MCD/Redes Neuronales/dataset/test/watermelon/Image_5.jpg,35,35
355,/content/drive/MyDrive/MCD/Redes Neuronales/dataset/test/watermelon/Image_6.jpg,35,35
356,/content/drive/MyDrive/MCD/Redes Neuronales/dataset/test/watermelon/Image_7.jpg,35,35
357,/content/drive/MyDrive/MCD/Redes Neuronales/dataset/test/watermelon/Image_8.jpg,35,35
358,/content/drive/MyDrive/MCD/Redes Neuronales/dataset/test/watermelon/Image_9.jpg,35,35
